"","ativo","base","id","Model","Mean.Hits","Var.Hits"
"1","1 - BVSP - final","train",1,"Adaptive",0.050284034034034,5.7850627902075e-08
"2","1 - BVSP - final","train",2,"symmetricAbs",0.0505337337337337,1.59503862824707e-05
"3","1 - BVSP - final","train",3,"IndirectGARCH",0.053521971971972,1.68310718955357e-05
"4","1 - BVSP - final","train",4,"standardGARCHmu",0.0495302802802803,5.13355332511731e-05
"5","1 - BVSP - final","train",5,"linearGARCH",0.050514964964965,1.59544261019186e-05
"6","1 - BVSP - final","train",6,"linearGARCHmu",0.0680376876876877,6.06935572445967e-05
"7","1 - BVSP - final","train",7,"GJRGARCH",0.0514419419419419,1.48120004170794e-05
"8","1 - BVSP - final","train",8,"GJRGARCHmu",0.0434021021021021,2.79577021194714e-05
"9","1 - BVSP - final","train",9,"linearTGARCH",0.0505205705705706,1.59452477223314e-05
"10","1 - BVSP - final","train",10,"linearTGARCHmu",0.0846447947947948,7.983314063647e-05
"11","1 - BVSP - final","train",11,"TCAV",0.012012012012012,1.05922631518842e-05
"12","1 - BVSP - final","train",12,"rangeValue",0.0511111111111111,9.27016638967838e-05
"13","1 - BVSP - final","train",13,"trigGARCH",0.115396046046046,6.34932944473706e-05
"14","1 - BVSP - final","train",14,"trvGARCH",0.0512292792792793,2.06195448328935e-05
"15","1 - BVSP - final","valid",1,"Adaptive",0.0505526869158879,2.12897400315944e-07
"16","1 - BVSP - final","valid",2,"symmetricAbs",0.0373629672897196,2.34787037190607e-05
"17","1 - BVSP - final","valid",3,"IndirectGARCH",0.0409667056074766,2.69725337629103e-05
"18","1 - BVSP - final","valid",4,"standardGARCHmu",0.0222183411214953,2.6353768425425e-05
"19","1 - BVSP - final","valid",5,"linearGARCH",0.0373580607476635,2.34885824307625e-05
"20","1 - BVSP - final","valid",6,"linearGARCHmu",0.0415988317757009,5.19652663500645e-05
"21","1 - BVSP - final","valid",7,"GJRGARCH",0.0363004672897196,1.98592017730998e-05
"22","1 - BVSP - final","valid",8,"GJRGARCHmu",0.0216626168224299,1.80779749276783e-05
"23","1 - BVSP - final","valid",9,"linearTGARCH",0.037356191588785,2.34878025123542e-05
"24","1 - BVSP - final","valid",10,"linearTGARCHmu",0.0568608644859813,6.78035363465173e-05
"25","1 - BVSP - final","valid",11,"TCAV",0.0298778037383178,2.00165519500092e-05
"26","1 - BVSP - final","valid",12,"rangeValue",0.0234696261682243,2.60960622991923e-05
"27","1 - BVSP - final","valid",13,"trigGARCH",0.0894169392523364,5.52830470534451e-05
"28","1 - BVSP - final","valid",14,"trvGARCH",0.0345498831775701,2.13234982435172e-05
"29","10 - IPSA - final","train",1,"Adaptive",0.0443749249249249,1.97972682529404e-06
"30","10 - IPSA - final","train",2,"symmetricAbs",0.0510634634634635,1.8021292858082e-05
"31","10 - IPSA - final","train",3,"IndirectGARCH",0.0502728228228228,2.81967523829285e-05
"32","10 - IPSA - final","train",4,"standardGARCHmu",0.0502630630630631,5.86045641664974e-05
"33","10 - IPSA - final","train",5,"linearGARCH",0.051058958958959,1.80015658362479e-05
"34","10 - IPSA - final","train",6,"linearGARCHmu",0.0524500500500501,5.9496222647011e-05
"35","10 - IPSA - final","train",7,"GJRGARCH",0.0514702702702703,2.95668873243848e-05
"36","10 - IPSA - final","train",8,"GJRGARCHmu",0.0497610610610611,5.83567053741069e-05
"37","10 - IPSA - final","train",9,"linearTGARCH",0.0512763263263263,1.80788381346386e-05
"38","10 - IPSA - final","train",10,"linearTGARCHmu",0.0667511511511512,7.60683906188282e-05
"39","10 - IPSA - final","train",11,"TCAV",0.0677436936936937,6.14464001651925e-05
"40","10 - IPSA - final","train",12,"rangeValue",0.0501315315315315,0.000285356959909128
"41","10 - IPSA - final","train",13,"trigGARCH",0.108688488488488,0.000116728596475557
"42","10 - IPSA - final","train",14,"trvGARCH",0.0492296296296296,4.35917466629315e-05
"43","10 - IPSA - final","valid",1,"Adaptive",0.0445667056074766,4.71412627741288e-06
"44","10 - IPSA - final","valid",2,"symmetricAbs",0.0369383177570093,1.69156016547008e-05
"45","10 - IPSA - final","valid",3,"IndirectGARCH",0.0311636682242991,2.29614809846195e-05
"46","10 - IPSA - final","valid",4,"standardGARCHmu",0.0239453271028037,2.50901676099042e-05
"47","10 - IPSA - final","valid",5,"linearGARCH",0.0369404205607477,1.69188335330618e-05
"48","10 - IPSA - final","valid",6,"linearGARCHmu",0.0255696261682243,2.30128432446905e-05
"49","10 - IPSA - final","valid",7,"GJRGARCH",0.038201285046729,2.93261523598064e-05
"50","10 - IPSA - final","valid",8,"GJRGARCHmu",0.0239453271028037,2.50901676099042e-05
"51","10 - IPSA - final","valid",9,"linearTGARCH",0.0372817757009346,1.6962523433152e-05
"52","10 - IPSA - final","valid",10,"linearTGARCHmu",0.0332766355140187,3.62890413701572e-05
"53","10 - IPSA - final","valid",11,"TCAV",0.0389224299065421,3.03635687832824e-05
"54","10 - IPSA - final","valid",12,"rangeValue",0.0216386682242991,1.76288843098124e-05
"55","10 - IPSA - final","valid",13,"trigGARCH",0.165742056074766,9.6499512366444e-05
"56","10 - IPSA - final","valid",14,"trvGARCH",0.0611278037383178,7.1376150230046e-05
"57","11 - SPX - final","train",1,"Adaptive",0.0455873373373373,1.57207580367638e-06
"58","11 - SPX - final","train",2,"symmetricAbs",0.0533144644644645,1.19312953257895e-05
"59","11 - SPX - final","train",3,"IndirectGARCH",0.0543052052052052,4.36681580109365e-05
"60","11 - SPX - final","train",4,"standardGARCHmu",0.04445,5.80095565200669e-05
"61","11 - SPX - final","train",5,"linearGARCH",0.0533481981981982,1.19166759837011e-05
"62","11 - SPX - final","train",6,"linearGARCHmu",0.0489353353353353,8.81409567651721e-05
"63","11 - SPX - final","train",7,"GJRGARCH",0.0537813813813814,9.47548103449754e-06
"64","11 - SPX - final","train",8,"GJRGARCHmu",0.0471605105105105,7.34835251706369e-05
"65","11 - SPX - final","train",9,"linearTGARCH",0.0528870870870871,1.1906462911739e-05
"66","11 - SPX - final","train",10,"linearTGARCHmu",0.0694751751751752,0.000122516346974962
"67","11 - SPX - final","train",11,"TCAV",0.0423740740740741,2.05629097274393e-05
"68","11 - SPX - final","train",12,"rangeValue",0.0496804304304304,0.000297472915950002
"69","11 - SPX - final","train",13,"trigGARCH",0.0688041541541542,8.28583703070287e-05
"70","11 - SPX - final","train",14,"trvGARCH",0.0487272272272272,3.49313628513513e-05
"71","11 - SPX - final","valid",1,"Adaptive",0.046614953271028,2.08175839028405e-06
"72","11 - SPX - final","valid",2,"symmetricAbs",0.0455209112149533,1.48886762542263e-05
"73","11 - SPX - final","valid",3,"IndirectGARCH",0.0253019859813084,1.70723557405821e-05
"74","11 - SPX - final","valid",4,"standardGARCHmu",0.0128571261682243,1.55395596626313e-05
"75","11 - SPX - final","valid",5,"linearGARCH",0.0455338785046729,1.48971172848422e-05
"76","11 - SPX - final","valid",6,"linearGARCHmu",0.0123695093457944,1.02108392107061e-05
"77","11 - SPX - final","valid",7,"GJRGARCH",0.0415366822429907,1.4338222861185e-05
"78","11 - SPX - final","valid",8,"GJRGARCHmu",0.0117268691588785,1.25955140696233e-05
"79","11 - SPX - final","valid",9,"linearTGARCH",0.0451740654205607,1.49366592136665e-05
"80","11 - SPX - final","valid",10,"linearTGARCHmu",0.0210844626168224,2.06527913446913e-05
"81","11 - SPX - final","valid",11,"TCAV",0.0398417056074766,1.40088418018786e-05
"82","11 - SPX - final","valid",12,"rangeValue",0.019317523364486,2.77782027603879e-05
"83","11 - SPX - final","valid",13,"trigGARCH",0.0866676401869159,5.96025421648003e-05
"84","11 - SPX - final","valid",14,"trvGARCH",0.0605303738317757,2.74058054252129e-05
"85","12 - NDX - final","train",1,"Adaptive",0.0681722222222222,1.27900563178785e-05
"86","12 - NDX - final","train",2,"symmetricAbs",0.0560756756756757,1.30013756671421e-05
"87","12 - NDX - final","train",3,"IndirectGARCH",0.0418795295295295,2.05013793141604e-05
"88","12 - NDX - final","train",4,"standardGARCHmu",0.0498658658658659,0.000107178060705703
"89","12 - NDX - final","train",5,"linearGARCH",0.0560376876876877,1.29913385370057e-05
"90","12 - NDX - final","train",6,"linearGARCHmu",0.0374117617617618,6.61421196550019e-05
"91","12 - NDX - final","train",7,"GJRGARCH",0.0530154154154154,8.77988970726637e-06
"92","12 - NDX - final","train",8,"GJRGARCHmu",0.0396857857857858,6.52838127938654e-05
"93","12 - NDX - final","train",9,"linearTGARCH",0.0559888888888889,1.27640857113979e-05
"94","12 - NDX - final","train",10,"linearTGARCHmu",0.0979704204204204,0.000199995603872172
"95","12 - NDX - final","train",11,"TCAV",0.037387987987988,1.67510334655275e-05
"96","12 - NDX - final","train",12,"rangeValue",0.0523664664664665,9.53773127689292e-05
"97","12 - NDX - final","train",13,"trigGARCH",0.137396346346346,0.000173747934641352
"98","12 - NDX - final","train",14,"trvGARCH",0.0524835835835836,3.25602146845174e-05
"99","12 - NDX - final","valid",1,"Adaptive",0.066144976635514,1.31767198573569e-05
"100","12 - NDX - final","valid",2,"symmetricAbs",0.0406744158878505,1.3562945346843e-05
"101","12 - NDX - final","valid",3,"IndirectGARCH",0.0169825934579439,8.7258608018005e-06
"102","12 - NDX - final","valid",4,"standardGARCHmu",0.00468621495327103,5.59367873006866e-06
"103","12 - NDX - final","valid",5,"linearGARCH",0.0406328271028037,1.35622961428472e-05
"104","12 - NDX - final","valid",6,"linearGARCHmu",0.00349848130841121,3.10654473839567e-06
"105","12 - NDX - final","valid",7,"GJRGARCH",0.037556191588785,1.04462552125894e-05
"106","12 - NDX - final","valid",8,"GJRGARCHmu",0.0041161214953271,4.80945013135739e-06
"107","12 - NDX - final","valid",9,"linearTGARCH",0.0411511682242991,1.35192976122519e-05
"108","12 - NDX - final","valid",10,"linearTGARCHmu",0.0189204439252336,1.96067157875413e-05
"109","12 - NDX - final","valid",11,"TCAV",0.0400382009345794,1.22145966964159e-05
"110","12 - NDX - final","valid",12,"rangeValue",0.0426261682242991,4.85119678752765e-05
"111","12 - NDX - final","valid",13,"trigGARCH",0.187022663551402,6.86071111833511e-05
"112","12 - NDX - final","valid",14,"trvGARCH",0.058543691588785,2.8639151655556e-05
"113","13 - DJI - final","train",1,"Adaptive",0.0466135635635636,1.69455584832704e-06
"114","13 - DJI - final","train",2,"symmetricAbs",0.0519878878878879,1.55018235022524e-05
"115","13 - DJI - final","train",3,"IndirectGARCH",0.0220705705705706,6.59745291129025e-06
"116","13 - DJI - final","train",4,"standardGARCHmu",0.0463983483483483,6.29744743894876e-05
"117","13 - DJI - final","train",5,"linearGARCH",0.0519734234234234,1.55087900263537e-05
"118","13 - DJI - final","train",6,"linearGARCHmu",0.0455606106106106,7.61850865440127e-05
"119","13 - DJI - final","train",7,"GJRGARCH",0.0527676176176176,1.0839834439667e-05
"120","13 - DJI - final","train",8,"GJRGARCHmu",0.0513249249249249,7.08037872608324e-05
"121","13 - DJI - final","train",9,"linearTGARCH",0.052005955955956,1.55259021490701e-05
"122","13 - DJI - final","train",10,"linearTGARCHmu",0.049999049049049,7.94338097875858e-05
"123","13 - DJI - final","train",11,"TCAV",0.058296996996997,1.30925325546933e-05
"124","13 - DJI - final","train",12,"rangeValue",0.0509451951951952,4.85589160801055e-05
"125","13 - DJI - final","train",13,"trigGARCH",0.137662462462462,4.65956802318769e-05
"126","13 - DJI - final","train",14,"trvGARCH",0.0512217217217217,1.13929031892304e-05
"127","13 - DJI - final","valid",1,"Adaptive",0.0473091121495327,2.05843591418956e-06
"128","13 - DJI - final","valid",2,"symmetricAbs",0.0394808411214953,2.02759138603858e-05
"129","13 - DJI - final","valid",3,"IndirectGARCH",0.012321261682243,7.03394101608338e-06
"130","13 - DJI - final","valid",4,"standardGARCHmu",0.0146335280373832,1.45825991203787e-05
"131","13 - DJI - final","valid",5,"linearGARCH",0.0394793224299065,2.02723878336459e-05
"132","13 - DJI - final","valid",6,"linearGARCHmu",0.0122744158878505,1.16444515511321e-05
"133","13 - DJI - final","valid",7,"GJRGARCH",0.0392886682242991,1.68172811428169e-05
"134","13 - DJI - final","valid",8,"GJRGARCHmu",0.0194268691588785,2.17316200487892e-05
"135","13 - DJI - final","valid",9,"linearTGARCH",0.0394822429906542,2.02753530005503e-05
"136","13 - DJI - final","valid",10,"linearTGARCHmu",0.0117086448598131,1.4076901053632e-05
"137","13 - DJI - final","valid",11,"TCAV",0.0324672897196262,1.9087547529595e-05
"138","13 - DJI - final","valid",12,"rangeValue",0.0297469626168224,3.46050033113444e-05
"139","13 - DJI - final","valid",13,"trigGARCH",0.138964369158878,6.28915521154497e-05
"140","13 - DJI - final","valid",14,"trvGARCH",0.0454373831775701,2.91294783980816e-05
"141","14 - SSMI - final","train",1,"Adaptive",0.0490974474474474,3.20729934397914e-07
"142","14 - SSMI - final","train",2,"symmetricAbs",0.0512101101101101,1.18495031099073e-05
"143","14 - SSMI - final","train",3,"IndirectGARCH",0.0610628628628629,3.11382072286405e-05
"144","14 - SSMI - final","train",4,"standardGARCHmu",0.0498285785785786,8.10106960700818e-05
"145","14 - SSMI - final","train",5,"linearGARCH",0.0512897397397397,1.19407069381624e-05
"146","14 - SSMI - final","train",6,"linearGARCHmu",0.0415246246246246,6.41601769679137e-05
"147","14 - SSMI - final","train",7,"GJRGARCH",0.0525202702702703,1.1276590150861e-05
"148","14 - SSMI - final","train",8,"GJRGARCHmu",0.0291194194194194,2.6859549320508e-05
"149","14 - SSMI - final","train",9,"linearTGARCH",0.0512240740740741,1.18219521238038e-05
"150","14 - SSMI - final","train",10,"linearTGARCHmu",0.0459436936936937,7.02326710020116e-05
"151","14 - SSMI - final","train",11,"TCAV",0.0554066066066066,1.20141979780774e-05
"152","14 - SSMI - final","train",12,"rangeValue",0.0505194694694695,4.87895170394208e-05
"153","14 - SSMI - final","train",13,"trigGARCH",0.0818128128128128,6.24166432443203e-05
"154","14 - SSMI - final","train",14,"trvGARCH",0.0499639139139139,3.32072924573382e-05
"155","14 - SSMI - final","valid",1,"Adaptive",0.0493461448598131,6.67912850956077e-07
"156","14 - SSMI - final","valid",2,"symmetricAbs",0.0410171728971963,2.35541140321479e-05
"157","14 - SSMI - final","valid",3,"IndirectGARCH",0.0418417056074766,3.07328718205647e-05
"158","14 - SSMI - final","valid",4,"standardGARCHmu",0.0269365654205607,4.31454760769387e-05
"159","14 - SSMI - final","valid",5,"linearGARCH",0.0410185747663551,2.35538859098355e-05
"160","14 - SSMI - final","valid",6,"linearGARCHmu",0.020451285046729,3.90510813398377e-05
"161","14 - SSMI - final","valid",7,"GJRGARCH",0.0403766355140187,1.65902009557296e-05
"162","14 - SSMI - final","valid",8,"GJRGARCHmu",0.0166139018691589,1.62123378989493e-05
"163","14 - SSMI - final","valid",9,"linearTGARCH",0.0410328271028037,2.35410831047116e-05
"164","14 - SSMI - final","valid",10,"linearTGARCHmu",0.0206330607476636,3.24677598061101e-05
"165","14 - SSMI - final","valid",11,"TCAV",0.0383003504672897,1.90189306394557e-05
"166","14 - SSMI - final","valid",12,"rangeValue",0.0374705607476635,4.20728210625967e-05
"167","14 - SSMI - final","valid",13,"trigGARCH",0.0731955607476635,6.72052411508592e-05
"168","14 - SSMI - final","valid",14,"trvGARCH",0.0457517523364486,5.12117907330047e-05
"169","15 - FCHI - final","train",1,"Adaptive",0.0497753253253253,8.968688309912e-08
"170","15 - FCHI - final","train",2,"symmetricAbs",0.0517817817817818,1.18509805682475e-05
"171","15 - FCHI - final","train",3,"IndirectGARCH",0.0318712212212212,1.93267458648238e-05
"172","15 - FCHI - final","train",4,"standardGARCHmu",0.0500374374374374,7.26376423750533e-05
"173","15 - FCHI - final","train",5,"linearGARCH",0.0517832332332332,1.1866282608817e-05
"174","15 - FCHI - final","train",6,"linearGARCHmu",0.0649539039039039,9.06649664107837e-05
"175","15 - FCHI - final","train",7,"GJRGARCH",0.0511406906906907,6.82126553326569e-06
"176","15 - FCHI - final","train",8,"GJRGARCHmu",0.0497844344344344,7.18434068060725e-05
"177","15 - FCHI - final","train",9,"linearTGARCH",0.0518762262262262,1.18867437747405e-05
"178","15 - FCHI - final","train",10,"linearTGARCHmu",0.0333442442442442,4.12049844771124e-05
"179","15 - FCHI - final","train",11,"TCAV",0.0526114114114114,8.02866939413568e-06
"180","15 - FCHI - final","train",12,"rangeValue",0.0501727227227227,5.59860349050394e-05
"181","15 - FCHI - final","train",13,"trigGARCH",0.0673689189189189,2.79490288378928e-05
"182","15 - FCHI - final","train",14,"trvGARCH",0.0518216216216216,3.71379594851516e-05
"183","15 - FCHI - final","valid",1,"Adaptive",0.0498646028037383,2.41550283482323e-07
"184","15 - FCHI - final","valid",2,"symmetricAbs",0.0435114485981308,2.13351179166744e-05
"185","15 - FCHI - final","valid",3,"IndirectGARCH",0.0189607476635514,1.07895572476361e-05
"186","15 - FCHI - final","valid",4,"standardGARCHmu",0.0274459112149533,2.81846950308701e-05
"187","15 - FCHI - final","valid",5,"linearGARCH",0.0435132009345794,2.13339035257265e-05
"188","15 - FCHI - final","valid",6,"linearGARCHmu",0.0397875,5.44843694342633e-05
"189","15 - FCHI - final","valid",7,"GJRGARCH",0.0428184579439252,1.47904302997904e-05
"190","15 - FCHI - final","valid",8,"GJRGARCHmu",0.0274459112149533,2.81846950308701e-05
"191","15 - FCHI - final","valid",9,"linearTGARCH",0.0436082943925234,2.14058586976151e-05
"192","15 - FCHI - final","valid",10,"linearTGARCHmu",0.0163,1.47797270607934e-05
"193","15 - FCHI - final","valid",11,"TCAV",0.041813785046729,1.80542938332622e-05
"194","15 - FCHI - final","valid",12,"rangeValue",0.0281665887850467,3.64794600002191e-05
"195","15 - FCHI - final","valid",13,"trigGARCH",0.0558389018691589,2.72051232976746e-05
"196","15 - FCHI - final","valid",14,"trvGARCH",0.0318130841121495,3.51839299644364e-05
"197","16 - CACT - final","train",1,"Adaptive",0.048778028028028,4.84472097951451e-07
"198","16 - CACT - final","train",2,"symmetricAbs",0.051845045045045,1.23794512239368e-05
"199","16 - CACT - final","train",3,"IndirectGARCH",0.0385492492492492,3.28695525147328e-05
"200","16 - CACT - final","train",4,"standardGARCHmu",0.0500333333333333,7.17323318291059e-05
"201","16 - CACT - final","train",5,"linearGARCH",0.0518388888888889,1.23798832112041e-05
"202","16 - CACT - final","train",6,"linearGARCHmu",0.0348096096096096,3.97026251596165e-05
"203","16 - CACT - final","train",7,"GJRGARCH",0.0516141641641642,7.19511918798573e-06
"204","16 - CACT - final","train",8,"GJRGARCHmu",0.0497817817817818,7.08647041527231e-05
"205","16 - CACT - final","train",9,"linearTGARCH",0.0518740740740741,1.22849468465939e-05
"206","16 - CACT - final","train",10,"linearTGARCHmu",0.0406024024024024,4.77954137662656e-05
"207","16 - CACT - final","train",11,"TCAV",0.0515100600600601,8.86771595958228e-06
"208","16 - CACT - final","train",12,"rangeValue",0.0503206206206206,6.43416995835728e-05
"209","16 - CACT - final","train",13,"trigGARCH",0.0947155655655656,3.3881173933286e-05
"210","16 - CACT - final","train",14,"trvGARCH",0.0520993993993994,1.3632234543594e-05
"211","16 - CACT - final","valid",1,"Adaptive",0.0492769859813084,7.32269333048198e-07
"212","16 - CACT - final","valid",2,"symmetricAbs",0.0442514018691589,2.20516515740916e-05
"213","16 - CACT - final","valid",3,"IndirectGARCH",0.0251892523364486,2.40390520675539e-05
"214","16 - CACT - final","valid",4,"standardGARCHmu",0.0297898364485981,3.36476998075613e-05
"215","16 - CACT - final","valid",5,"linearGARCH",0.0442484813084112,2.20533438588976e-05
"216","16 - CACT - final","valid",6,"linearGARCHmu",0.0142948598130841,1.30853850043308e-05
"217","16 - CACT - final","valid",7,"GJRGARCH",0.0432878504672897,1.36981778834586e-05
"218","16 - CACT - final","valid",8,"GJRGARCHmu",0.0297898364485981,3.36476998075613e-05
"219","16 - CACT - final","valid",9,"linearTGARCH",0.0443177570093458,2.20392252963651e-05
"220","16 - CACT - final","valid",10,"linearTGARCHmu",0.0179150700934579,2.04971882308814e-05
"221","16 - CACT - final","valid",11,"TCAV",0.0393776869158878,1.73760032462209e-05
"222","16 - CACT - final","valid",12,"rangeValue",0.0333705607476635,4.13674382618685e-05
"223","16 - CACT - final","valid",13,"trigGARCH",0.0861974299065421,4.69018150188689e-05
"224","16 - CACT - final","valid",14,"trvGARCH",0.0459654205607477,1.89798078403348e-05
"225","17 - GDAXI - final","train",1,"Adaptive",0.0535529029029029,1.69208228996112e-06
"226","17 - GDAXI - final","train",2,"symmetricAbs",0.0519325825825826,1.094608414028e-05
"227","17 - GDAXI - final","train",3,"IndirectGARCH",0.349370920920921,0.000210277414062112
"228","17 - GDAXI - final","train",4,"standardGARCHmu",0.0502064564564565,8.33737790447826e-05
"229","17 - GDAXI - final","train",5,"linearGARCH",0.051862012012012,1.09241623430122e-05
"230","17 - GDAXI - final","train",6,"linearGARCHmu",0.0377656656656657,5.77684713626917e-05
"231","17 - GDAXI - final","train",7,"GJRGARCH",0.0508208208208208,6.3708569674027e-06
"232","17 - GDAXI - final","train",8,"GJRGARCHmu",0.0499525525525525,8.23978481654561e-05
"233","17 - GDAXI - final","train",9,"linearTGARCH",0.0516748748748749,1.09697899423612e-05
"234","17 - GDAXI - final","train",10,"linearTGARCHmu",0.0815758258258258,9.55543903392107e-05
"235","17 - GDAXI - final","train",11,"TCAV",0.0140157657657658,1.31081790826528e-05
"236","17 - GDAXI - final","train",12,"rangeValue",0.0502048048048048,0.000678234440215906
"237","17 - GDAXI - final","train",13,"trigGARCH",0.0666695195195195,0.000181175992951839
"238","17 - GDAXI - final","train",14,"trvGARCH",0.0511295295295295,0.000299333342787319
"239","17 - GDAXI - final","valid",1,"Adaptive",0.0522793224299065,1.49483286418398e-06
"240","17 - GDAXI - final","valid",2,"symmetricAbs",0.0486042056074766,2.39893338524461e-05
"241","17 - GDAXI - final","valid",3,"IndirectGARCH",0.301015070093458,0.000286528316764213
"242","17 - GDAXI - final","valid",4,"standardGARCHmu",0.0256906542056075,4.03048698655794e-05
"243","17 - GDAXI - final","valid",5,"linearGARCH",0.0485363317757009,2.39373246816146e-05
"244","17 - GDAXI - final","valid",6,"linearGARCHmu",0.0147129672897196,1.55626831186615e-05
"245","17 - GDAXI - final","valid",7,"GJRGARCH",0.0460779205607477,1.51975525547725e-05
"246","17 - GDAXI - final","valid",8,"GJRGARCHmu",0.0256906542056075,4.03048698655794e-05
"247","17 - GDAXI - final","valid",9,"linearTGARCH",0.0479247663551402,2.39220520757134e-05
"248","17 - GDAXI - final","valid",10,"linearTGARCHmu",0.0478544392523364,6.653980650921e-05
"249","17 - GDAXI - final","valid",11,"TCAV",0.044818691588785,2.82663378251683e-05
"250","17 - GDAXI - final","valid",12,"rangeValue",0.0240022196261682,2.86844741071325e-05
"251","17 - GDAXI - final","valid",13,"trigGARCH",0.205092990654206,6.67501390486849e-05
"252","17 - GDAXI - final","valid",14,"trvGARCH",0.081277453271028,6.4114010337551e-05
"253","18 - MDAXI final nome errado","train",1,"Adaptive",0.0401347847847848,3.67152609550789e-06
"254","18 - MDAXI final nome errado","train",2,"symmetricAbs",0.0509022522522522,1.47434305869371e-05
"255","18 - MDAXI final nome errado","train",3,"IndirectGARCH",0.0484935435435435,5.2717848469689e-05
"256","18 - MDAXI final nome errado","train",4,"standardGARCHmu",0.0498859359359359,8.49276047462807e-05
"257","18 - MDAXI final nome errado","train",5,"linearGARCH",0.0509263263263263,1.47999139337347e-05
"258","18 - MDAXI final nome errado","train",6,"linearGARCHmu",0.0472389389389389,8.08217207614304e-05
"259","18 - MDAXI final nome errado","train",7,"GJRGARCH",0.051137037037037,6.85531829417263e-06
"260","18 - MDAXI final nome errado","train",8,"GJRGARCHmu",0.0501407407407407,8.59864915575357e-05
"261","18 - MDAXI final nome errado","train",9,"linearTGARCH",0.051036986986987,1.49375317578102e-05
"262","18 - MDAXI final nome errado","train",10,"linearTGARCHmu",0.0692954454454454,0.000120129961434736
"263","18 - MDAXI final nome errado","train",11,"TCAV",0.0212658158158158,2.68814092692958e-05
"264","18 - MDAXI final nome errado","train",12,"rangeValue",0.0529112612612613,0.000208775361328672
"265","18 - MDAXI final nome errado","train",13,"trigGARCH",0.0719232232232232,0.000164220593740241
"266","18 - MDAXI final nome errado","train",14,"trvGARCH",0.0447604104104104,0.00020618069148704
"267","18 - MDAXI final nome errado","valid",1,"Adaptive",0.0437293224299065,5.36325863685708e-06
"268","18 - MDAXI final nome errado","valid",2,"symmetricAbs",0.0454892523364486,1.76357365105653e-05
"269","18 - MDAXI final nome errado","valid",3,"IndirectGARCH",0.034139953271028,3.74875907031349e-05
"270","18 - MDAXI final nome errado","valid",4,"standardGARCHmu",0.0292093457943925,4.45104548466685e-05
"271","18 - MDAXI final nome errado","valid",5,"linearGARCH",0.0454844626168224,1.76396013628221e-05
"272","18 - MDAXI final nome errado","valid",6,"linearGARCHmu",0.0263626168224299,4.42845456155603e-05
"273","18 - MDAXI final nome errado","valid",7,"GJRGARCH",0.0499231308411215,1.02348598267998e-05
"274","18 - MDAXI final nome errado","valid",8,"GJRGARCHmu",0.0292093457943925,4.45104548466685e-05
"275","18 - MDAXI final nome errado","valid",9,"linearTGARCH",0.0455320093457944,1.7608627575371e-05
"276","18 - MDAXI final nome errado","valid",10,"linearTGARCHmu",0.0410079439252336,6.81661904483264e-05
"277","18 - MDAXI final nome errado","valid",11,"TCAV",0.0625260514018692,2.81368406700599e-05
"278","18 - MDAXI final nome errado","valid",12,"rangeValue",0.154542172897196,0.000214657811123213
"279","18 - MDAXI final nome errado","valid",13,"trigGARCH",0.197648481308411,0.00011934780558992
"280","18 - MDAXI final nome errado","valid",14,"trvGARCH",0.0839655373831776,4.79464993875489e-05
"281","19 - FTAS - final","train",1,"Adaptive",0.0470676676676677,1.26841437610098e-06
"282","19 - FTAS - final","train",2,"symmetricAbs",0.0513884884884885,1.22501467651278e-05
"283","19 - FTAS - final","train",3,"IndirectGARCH",0.0559430930930931,5.32819981893756e-05
"284","19 - FTAS - final","train",4,"standardGARCHmu",0.0500681181181181,7.41788012247084e-05
"285","19 - FTAS - final","train",5,"linearGARCH",0.0514828828828829,1.21516606836093e-05
"286","19 - FTAS - final","train",6,"linearGARCHmu",0.0418066066066066,6.88847058881426e-05
"287","19 - FTAS - final","train",7,"GJRGARCH",0.0517852352352352,7.61097208224221e-06
"288","19 - FTAS - final","train",8,"GJRGARCHmu",0.0394942442442442,3.4818792541746e-05
"289","19 - FTAS - final","train",9,"linearTGARCH",0.0515361361361361,1.21901891923964e-05
"290","19 - FTAS - final","train",10,"linearTGARCHmu",0.097313963963964,0.000136291350467897
"291","19 - FTAS - final","train",11,"TCAV",0.02035005005005,2.37439513662226e-05
"292","19 - FTAS - final","train",12,"rangeValue",0.051223023023023,0.000241151455398068
"293","19 - FTAS - final","train",13,"trigGARCH",0.315653803803804,0.00372291020820584
"294","19 - FTAS - final","train",14,"trvGARCH",0.0418273273273273,0.000182500660739201
"295","19 - FTAS - final","valid",1,"Adaptive",0.0481065420560748,1.55201164261152e-06
"296","19 - FTAS - final","valid",2,"symmetricAbs",0.0468241822429907,2.28817213869667e-05
"297","19 - FTAS - final","valid",3,"IndirectGARCH",0.0305253504672897,2.58928487674782e-05
"298","19 - FTAS - final","valid",4,"standardGARCHmu",0.0210375,2.78655177357203e-05
"299","19 - FTAS - final","valid",5,"linearGARCH",0.0468296728971963,2.28998240363419e-05
"300","19 - FTAS - final","valid",6,"linearGARCHmu",0.0181207943925234,2.27282415496987e-05
"301","19 - FTAS - final","valid",7,"GJRGARCH",0.0472133177570093,1.14270097774468e-05
"302","19 - FTAS - final","valid",8,"GJRGARCHmu",0.0198799065420561,2.55133405054668e-05
"303","19 - FTAS - final","valid",9,"linearTGARCH",0.0468797897196262,2.29042107088332e-05
"304","19 - FTAS - final","valid",10,"linearTGARCHmu",0.054930023364486,7.23048165484044e-05
"305","19 - FTAS - final","valid",11,"TCAV",0.0446095794392523,2.44435383167995e-05
"306","19 - FTAS - final","valid",12,"rangeValue",0.109810981308411,0.000126958825853301
"307","19 - FTAS - final","valid",13,"trigGARCH",0.330761448598131,0.000213024127174548
"308","19 - FTAS - final","valid",14,"trvGARCH",0.0292168224299065,2.87661906125657e-05
"309","2 - IBX50 - final","train",1,"Adaptive",0.0526002502502503,1.64721354152183e-06
"310","2 - IBX50 - final","train",2,"symmetricAbs",0.0575128628628629,4.66726333384925e-05
"311","2 - IBX50 - final","train",3,"IndirectGARCH",0.0461088088088088,2.40497695381165e-05
"312","2 - IBX50 - final","train",4,"standardGARCHmu",0.0616962962962963,4.60551647343961e-05
"313","2 - IBX50 - final","train",5,"linearGARCH",0.0575740740740741,4.63247774148893e-05
"314","2 - IBX50 - final","train",6,"linearGARCHmu",0.0599437437437437,0.000171703780526206
"315","2 - IBX50 - final","train",7,"GJRGARCH",0.0577313313313313,4.0532527863868e-05
"316","2 - IBX50 - final","train",8,"GJRGARCHmu",0.0394886886886887,8.02102947300355e-05
"317","2 - IBX50 - final","train",9,"linearTGARCH",0.0572996996996997,4.60640186005079e-05
"318","2 - IBX50 - final","train",10,"linearTGARCHmu",0.0379218218218218,0.000101012431742632
"319","2 - IBX50 - final","train",11,"TCAV",0.0404019019019019,2.49306552937149e-05
"320","2 - IBX50 - final","train",12,"rangeValue",0.0510647647647648,9.14128676591179e-05
"321","2 - IBX50 - final","train",13,"trigGARCH",0.114326626626627,6.62166125676345e-05
"322","2 - IBX50 - final","train",14,"trvGARCH",0.0534588588588589,1.57094646721701e-05
"323","2 - IBX50 - final","valid",1,"Adaptive",0.0528348130841121,1.79152516458397e-06
"324","2 - IBX50 - final","valid",2,"symmetricAbs",0.0646875,2.45236860581785e-05
"325","2 - IBX50 - final","valid",3,"IndirectGARCH",0.0643193925233645,1.9060614627511e-05
"326","2 - IBX50 - final","valid",4,"standardGARCHmu",0.082889953271028,3.5221044285283e-05
"327","2 - IBX50 - final","valid",5,"linearGARCH",0.0648005841121495,2.44998169730679e-05
"328","2 - IBX50 - final","valid",6,"linearGARCHmu",0.0541177570093458,6.10044340512788e-05
"329","2 - IBX50 - final","valid",7,"GJRGARCH",0.0661373831775701,3.35668155554423e-05
"330","2 - IBX50 - final","valid",8,"GJRGARCHmu",0.0286872663551402,2.7059467255819e-05
"331","2 - IBX50 - final","valid",9,"linearTGARCH",0.0646630841121495,2.45050995088528e-05
"332","2 - IBX50 - final","valid",10,"linearTGARCHmu",0.0288403037383178,3.8046096082152e-05
"333","2 - IBX50 - final","valid",11,"TCAV",0.0561102803738318,2.85081579596555e-05
"334","2 - IBX50 - final","valid",12,"rangeValue",0.0316378504672897,2.20120231575357e-05
"335","2 - IBX50 - final","valid",13,"trigGARCH",0.093419976635514,8.41179101261557e-05
"336","2 - IBX50 - final","valid",14,"trvGARCH",0.0483080607476635,1.55808373521809e-05
"337","20 - FTSE - final","train",1,"Adaptive",0.0483826826826827,5.91368693327423e-07
"338","20 - FTSE - final","train",2,"symmetricAbs",0.0511870870870871,1.19766380287654e-05
"339","20 - FTSE - final","train",3,"IndirectGARCH",0.0264453453453453,1.37784911834717e-05
"340","20 - FTSE - final","train",4,"standardGARCHmu",0.0498206206206206,7.59369222925398e-05
"341","20 - FTSE - final","train",5,"linearGARCH",0.0510135635635636,1.18293931035433e-05
"342","20 - FTSE - final","train",6,"linearGARCHmu",0.0459255755755756,5.89354789332698e-05
"343","20 - FTSE - final","train",7,"GJRGARCH",0.051772972972973,7.75862868257323e-06
"344","20 - FTSE - final","train",8,"GJRGARCHmu",0.0491207207207207,6.761500680749e-05
"345","20 - FTSE - final","train",9,"linearTGARCH",0.0510348848848849,1.18644869408611e-05
"346","20 - FTSE - final","train",10,"linearTGARCHmu",0.049432982982983,7.83045372688001e-05
"347","20 - FTSE - final","train",11,"TCAV",0.312979179179179,0.0048289204179567
"348","20 - FTSE - final","train",12,"rangeValue",0.0502658658658659,0.000420125504658567
"349","20 - FTSE - final","train",13,"trigGARCH",0.11124014014014,0.000267034562031489
"350","20 - FTSE - final","train",14,"trvGARCH",0.061508008008008,0.00026096208905118
"351","20 - FTSE - final","valid",1,"Adaptive",0.048636214953271,1.05368325608523e-06
"352","20 - FTSE - final","valid",2,"symmetricAbs",0.0469792056074766,2.71556166744747e-05
"353","20 - FTSE - final","valid",3,"IndirectGARCH",0.0177278037383178,1.66306994366818e-05
"354","20 - FTSE - final","valid",4,"standardGARCHmu",0.0216195093457944,3.19329062418082e-05
"355","20 - FTSE - final","valid",5,"linearGARCH",0.0467038551401869,2.67417005187875e-05
"356","20 - FTSE - final","valid",6,"linearGARCHmu",0.0160283878504673,1.90618604412428e-05
"357","20 - FTSE - final","valid",7,"GJRGARCH",0.0475705607476635,1.79461003564151e-05
"358","20 - FTSE - final","valid",8,"GJRGARCHmu",0.0216195093457944,3.19329062418082e-05
"359","20 - FTSE - final","valid",9,"linearTGARCH",0.0465584112149533,2.65830799577681e-05
"360","20 - FTSE - final","valid",10,"linearTGARCHmu",0.0197905373831776,3.0550581126248e-05
"361","20 - FTSE - final","valid",11,"TCAV",0.0490775700934579,2.08833089004035e-05
"362","20 - FTSE - final","valid",12,"rangeValue",0.0140632009345794,1.2620572620398e-05
"363","20 - FTSE - final","valid",13,"trigGARCH",0.200494742990654,6.2938112982344e-05
"364","20 - FTSE - final","valid",14,"trvGARCH",0.0712490654205607,4.12477728753891e-05
"365","21- ADI - final","train",1,"Adaptive",0.0759822322322322,0.000333443482344471
"366","21- ADI - final","train",2,"symmetricAbs",0.0529274774774775,6.28555690642157e-05
"367","21- ADI - final","train",3,"IndirectGARCH",0.0622503003003003,8.66324698630674e-05
"368","21- ADI - final","train",4,"standardGARCHmu",0.0367062562562563,0.000238276264540374
"369","21- ADI - final","train",5,"linearGARCH",0.0527343843843844,6.28182530011119e-05
"370","21- ADI - final","train",6,"linearGARCHmu",0.0424408908908909,7.58289927360954e-05
"371","21- ADI - final","train",7,"GJRGARCH",0.0564676676676677,4.8352923306853e-05
"372","21- ADI - final","train",8,"GJRGARCHmu",0.0239976976976977,6.2682096179196e-05
"373","21- ADI - final","train",9,"linearTGARCH",0.0526971971971972,6.31095223584793e-05
"374","21- ADI - final","train",10,"linearTGARCHmu",0.0158765765765766,1.55346249394989e-05
"375","21- ADI - final","train",11,"TCAV",0.0789707707707708,4.70798775882816e-05
"376","21- ADI - final","train",12,"rangeValue",0.0509534034034034,4.58490251734161e-05
"377","21- ADI - final","train",13,"trigGARCH",0.119251151151151,4.64168795506635e-05
"378","21- ADI - final","train",14,"trvGARCH",0.0506602102102102,2.45855651259029e-05
"379","21- ADI - final","valid",1,"Adaptive",0.0706904205607477,6.6081321284346e-05
"380","21- ADI - final","valid",2,"symmetricAbs",0.0545441588785047,6.59194256420504e-05
"381","21- ADI - final","valid",3,"IndirectGARCH",0.0607582943925234,8.14365630872484e-05
"382","21- ADI - final","valid",4,"standardGARCHmu",0.0128545560747664,1.65101172338363e-05
"383","21- ADI - final","valid",5,"linearGARCH",0.0545440420560748,6.59211837208694e-05
"384","21- ADI - final","valid",6,"linearGARCHmu",0.0403706775700935,4.47337408213366e-05
"385","21- ADI - final","valid",7,"GJRGARCH",0.0616308411214953,5.26817084964726e-05
"386","21- ADI - final","valid",8,"GJRGARCHmu",0.0106177570093458,1.05637810241758e-05
"387","21- ADI - final","valid",9,"linearTGARCH",0.0545552570093458,6.59255048314013e-05
"388","21- ADI - final","valid",10,"linearTGARCHmu",0.0122885514018692,1.17710389728395e-05
"389","21- ADI - final","valid",11,"TCAV",0.058376285046729,7.09567354420967e-05
"390","21- ADI - final","valid",12,"rangeValue",0.016583761682243,1.4821741520437e-05
"391","21- ADI - final","valid",13,"trigGARCH",0.100128738317757,5.73179368055461e-05
"392","21- ADI - final","valid",14,"trvGARCH",0.028319976635514,1.76696980014179e-05
"393","22 - QSI - final","train",1,"Adaptive",0.0445810810810811,2.45413841921932e-06
"394","22 - QSI - final","train",2,"symmetricAbs",0.0527153153153153,1.64385530460147e-05
"395","22 - QSI - final","train",3,"IndirectGARCH",0.0447734234234234,3.05224383164871e-05
"396","22 - QSI - final","train",4,"standardGARCHmu",0.0481792792792793,9.61510605309135e-05
"397","22 - QSI - final","train",5,"linearGARCH",0.0527175175175175,1.64124754317668e-05
"398","22 - QSI - final","train",6,"linearGARCHmu",0.0401053553553554,6.53773936883387e-05
"399","22 - QSI - final","train",7,"GJRGARCH",0.0526757757757758,1.44067711198655e-05
"400","22 - QSI - final","train",8,"GJRGARCHmu",0.0289314314314314,2.82445422061433e-05
"401","22 - QSI - final","train",9,"linearTGARCH",0.0526718718718719,1.64112731885145e-05
"402","22 - QSI - final","train",10,"linearTGARCHmu",0.13279044044044,0.000301485129242951
"403","22 - QSI - final","train",11,"TCAV",0.0573639139139139,1.51263463856888e-05
"404","22 - QSI - final","train",12,"rangeValue",0.0507228728728729,5.2111774836077e-05
"405","22 - QSI - final","train",13,"trigGARCH",0.251603303303303,0.000142072793381944
"406","22 - QSI - final","train",14,"trvGARCH",0.0505851351351351,3.54554712035793e-05
"407","22 - QSI - final","valid",1,"Adaptive",0.0453190420560748,3.40878834721875e-06
"408","22 - QSI - final","valid",2,"symmetricAbs",0.0550341121495327,3.2835546932952e-05
"409","22 - QSI - final","valid",3,"IndirectGARCH",0.0348392523364486,4.38224412285724e-05
"410","22 - QSI - final","valid",4,"standardGARCHmu",0.0250674065420561,5.07200323018355e-05
"411","22 - QSI - final","valid",5,"linearGARCH",0.0550455607476635,3.28421859037717e-05
"412","22 - QSI - final","valid",6,"linearGARCHmu",0.0183702102803738,3.48931722840113e-05
"413","22 - QSI - final","valid",7,"GJRGARCH",0.0516681074766355,3.40003688215807e-05
"414","22 - QSI - final","valid",8,"GJRGARCHmu",0.0176782710280374,2.8977508697215e-05
"415","22 - QSI - final","valid",9,"linearTGARCH",0.0548004672897196,3.21314417918958e-05
"416","22 - QSI - final","valid",10,"linearTGARCHmu",0.0979339953271028,0.000255961175844545
"417","22 - QSI - final","valid",11,"TCAV",0.0472740654205607,3.14968832158431e-05
"418","22 - QSI - final","valid",12,"rangeValue",0.00969264018691589,5.53707178624562e-06
"419","22 - QSI - final","valid",13,"trigGARCH",0.201228855140187,0.000163702461087357
"420","22 - QSI - final","valid",14,"trvGARCH",0.0187429906542056,9.70525029103995e-06
"421","23 - BSESN - final","train",1,"Adaptive",0.049591041041041,1.53932834260192e-07
"422","23 - BSESN - final","train",2,"symmetricAbs",0.0512483483483483,1.64377165569096e-05
"423","23 - BSESN - final","train",3,"IndirectGARCH",0.343622222222222,0.000145916644403569
"424","23 - BSESN - final","train",4,"standardGARCHmu",0.0498645145145145,8.01233420734073e-05
"425","23 - BSESN - final","train",5,"linearGARCH",0.0512547047047047,1.63705128102387e-05
"426","23 - BSESN - final","train",6,"linearGARCHmu",0.035693993993994,4.64201755171761e-05
"427","23 - BSESN - final","train",7,"GJRGARCH",0.0527498998998999,1.23638776012669e-05
"428","23 - BSESN - final","train",8,"GJRGARCHmu",0.0292904904904905,2.63053094185487e-05
"429","23 - BSESN - final","train",9,"linearTGARCH",0.0509976476476477,1.62970219131376e-05
"430","23 - BSESN - final","train",10,"linearTGARCHmu",0.0362086586586587,5.63588089862088e-05
"431","23 - BSESN - final","train",11,"TCAV",0.0475260760760761,1.73164493464965e-05
"432","23 - BSESN - final","train",12,"rangeValue",0.0499946946946947,6.11725859697476e-05
"433","23 - BSESN - final","train",13,"trigGARCH",0.146344444444444,4.58567771093239e-05
"434","23 - BSESN - final","train",14,"trvGARCH",0.0504686186186186,4.42931961073202e-05
"435","23 - BSESN - final","valid",1,"Adaptive",0.0496568925233645,3.45500892802371e-07
"436","23 - BSESN - final","valid",2,"symmetricAbs",0.0323275700934579,1.64331853181711e-05
"437","23 - BSESN - final","valid",3,"IndirectGARCH",0.281776985981308,0.00018152091636283
"438","23 - BSESN - final","valid",4,"standardGARCHmu",0.00937581775700935,9.51117912409017e-06
"439","23 - BSESN - final","valid",5,"linearGARCH",0.0323280373831776,1.64344983591879e-05
"440","23 - BSESN - final","valid",6,"linearGARCHmu",0.00584941588785047,3.89044584126451e-06
"441","23 - BSESN - final","valid",7,"GJRGARCH",0.0345439252336449,1.6331051169619e-05
"442","23 - BSESN - final","valid",8,"GJRGARCHmu",0.0065286214953271,5.88230929824274e-06
"443","23 - BSESN - final","valid",9,"linearTGARCH",0.0323213785046729,1.6444855360604e-05
"444","23 - BSESN - final","valid",10,"linearTGARCHmu",0.00357628504672897,2.88032035123506e-06
"445","23 - BSESN - final","valid",11,"TCAV",0.0299271028037383,1.71115898435168e-05
"446","23 - BSESN - final","valid",12,"rangeValue",0.00999626168224299,6.61458302665861e-06
"447","23 - BSESN - final","valid",13,"trigGARCH",0.112666939252336,4.97068166226267e-05
"448","23 - BSESN - final","valid",14,"trvGARCH",0.0144117990654206,1.17887552393656e-05
"449","24 - NSEI - final","train",1,"Adaptive",0.0487466966966967,4.67656487146171e-07
"450","24 - NSEI - final","train",2,"symmetricAbs",0.0506129129129129,1.73237567250003e-05
"451","24 - NSEI - final","train",3,"IndirectGARCH",0.344329179179179,0.000133522545673121
"452","24 - NSEI - final","train",4,"standardGARCHmu",0.0501561561561562,6.47734499199487e-05
"453","24 - NSEI - final","train",5,"linearGARCH",0.0507767767767768,1.74366602447013e-05
"454","24 - NSEI - final","train",6,"linearGARCHmu",0.0368067067067067,3.45532477674522e-05
"455","24 - NSEI - final","train",7,"GJRGARCH",0.0518886886886887,1.25143548230168e-05
"456","24 - NSEI - final","train",8,"GJRGARCHmu",0.0293516016016016,2.26333541344266e-05
"457","24 - NSEI - final","train",9,"linearTGARCH",0.050936986986987,1.75591334117309e-05
"458","24 - NSEI - final","train",10,"linearTGARCHmu",0.0589566066066066,8.30683961699329e-05
"459","24 - NSEI - final","train",11,"TCAV",0.0526325325325325,1.7080569333152e-05
"460","24 - NSEI - final","train",12,"rangeValue",0.0504296296296296,4.95363179184828e-05
"461","24 - NSEI - final","train",13,"trigGARCH",0.144016666666667,5.09551745344224e-05
"462","24 - NSEI - final","train",14,"trvGARCH",0.0523301301301301,3.33306078410655e-05
"463","24 - NSEI - final","valid",1,"Adaptive",0.0487072429906542,1.38890402545528e-06
"464","24 - NSEI - final","valid",2,"symmetricAbs",0.0339998831775701,1.80399195476924e-05
"465","24 - NSEI - final","valid",3,"IndirectGARCH",0.275397079439252,0.000205197464166932
"466","24 - NSEI - final","valid",4,"standardGARCHmu",0.00938656542056075,1.00547884792043e-05
"467","24 - NSEI - final","valid",5,"linearGARCH",0.0340007009345794,1.8037331536095e-05
"468","24 - NSEI - final","valid",6,"linearGARCHmu",0.00824742990654206,5.91644330045151e-06
"469","24 - NSEI - final","valid",7,"GJRGARCH",0.0335920560747664,1.81698998110392e-05
"470","24 - NSEI - final","valid",8,"GJRGARCHmu",0.00707651869158878,5.47980009083745e-06
"471","24 - NSEI - final","valid",9,"linearTGARCH",0.0340192757009346,1.80213210817332e-05
"472","24 - NSEI - final","valid",10,"linearTGARCHmu",0.0152627336448598,1.58585930299651e-05
"473","24 - NSEI - final","valid",11,"TCAV",0.0394356308411215,2.08253781591981e-05
"474","24 - NSEI - final","valid",12,"rangeValue",0.00833084112149533,6.01685779552626e-06
"475","24 - NSEI - final","valid",13,"trigGARCH",0.11156296728972,4.12855324007198e-05
"476","24 - NSEI - final","valid",14,"trvGARCH",0.0224789719626168,1.00841419048069e-05
"477","28 - HSI - final","train",1,"Adaptive",0.044910960960961,1.78857726382997e-06
"478","28 - HSI - final","train",2,"symmetricAbs",0.0532964464464464,1.20742119422912e-05
"479","28 - HSI - final","train",3,"IndirectGARCH",0.222207457457457,7.83732313395979e-05
"480","28 - HSI - final","train",4,"standardGARCHmu",0.0501408408408408,9.01467451619424e-05
"481","28 - HSI - final","train",5,"linearGARCH",0.0533187187187187,1.20745349148788e-05
"482","28 - HSI - final","train",6,"linearGARCHmu",0.0514443443443443,8.53938014188783e-05
"483","28 - HSI - final","train",7,"GJRGARCH",0.0528118118118118,8.30583019993875e-06
"484","28 - HSI - final","train",8,"GJRGARCHmu",0.0501408408408408,9.01467451619424e-05
"485","28 - HSI - final","train",9,"linearTGARCH",0.053501001001001,1.19835407651229e-05
"486","28 - HSI - final","train",10,"linearTGARCHmu",0.0706619119119119,0.000101362215925707
"487","28 - HSI - final","train",11,"TCAV",0.0516179179179179,1.13710797682527e-05
"488","28 - HSI - final","train",12,"rangeValue",0.050595045045045,5.69936679873357e-05
"489","28 - HSI - final","train",13,"trigGARCH",0.148284384384384,4.85876015003762e-05
"490","28 - HSI - final","train",14,"trvGARCH",0.0509291291291291,2.34029685312935e-05
"491","28 - HSI - final","valid",1,"Adaptive",0.0459775700934579,3.45131062198115e-06
"492","28 - HSI - final","valid",2,"symmetricAbs",0.0372582943925234,1.75294939627064e-05
"493","28 - HSI - final","valid",3,"IndirectGARCH",0.203007242990654,0.00013381808048875
"494","28 - HSI - final","valid",4,"standardGARCHmu",0.014635046728972,1.28188280681728e-05
"495","28 - HSI - final","valid",5,"linearGARCH",0.0372598130841121,1.75359453932886e-05
"496","28 - HSI - final","valid",6,"linearGARCHmu",0.0175094626168224,1.62742015250591e-05
"497","28 - HSI - final","valid",7,"GJRGARCH",0.0371623831775701,1.31148202629433e-05
"498","28 - HSI - final","valid",8,"GJRGARCHmu",0.014635046728972,1.28188280681728e-05
"499","28 - HSI - final","valid",9,"linearTGARCH",0.0376088785046729,1.78062538440084e-05
"500","28 - HSI - final","valid",10,"linearTGARCHmu",0.0313510514018692,3.36589854737259e-05
"501","28 - HSI - final","valid",11,"TCAV",0.0391389018691589,1.3821167573872e-05
"502","28 - HSI - final","valid",12,"rangeValue",0.00837511682242991,5.12955131368225e-06
"503","28 - HSI - final","valid",13,"trigGARCH",0.117226168224299,4.84075501011636e-05
"504","28 - HSI - final","valid",14,"trvGARCH",0.0244238317757009,8.29675302690899e-06
"505","29 - HSCE - final","train",1,"Adaptive",0.0473192692692693,9.41651011602439e-07
"506","29 - HSCE - final","train",2,"symmetricAbs",0.0502516516516517,6.91963230897845e-05
"507","29 - HSCE - final","train",3,"IndirectGARCH",0.362685585585586,0.000148595036667336
"508","29 - HSCE - final","train",4,"standardGARCHmu",0.0501992492492492,7.15188629839603e-05
"509","29 - HSCE - final","train",5,"linearGARCH",0.0504844344344344,7.02479721030153e-05
"510","29 - HSCE - final","train",6,"linearGARCHmu",0.0617911911911912,9.07749033606838e-05
"511","29 - HSCE - final","train",7,"GJRGARCH",0.0518292792792793,8.0871644388527e-06
"512","29 - HSCE - final","train",8,"GJRGARCHmu",0.0487116616616617,6.11174325970313e-05
"513","29 - HSCE - final","train",9,"linearTGARCH",0.0502460960960961,6.96114780871447e-05
"514","29 - HSCE - final","train",10,"linearTGARCHmu",0.0799499499499499,0.00012618946518339
"515","29 - HSCE - final","train",11,"TCAV",0.0396708208208208,1.71333565787006e-05
"516","29 - HSCE - final","train",12,"rangeValue",0.0510251751751752,4.72672410431108e-05
"517","29 - HSCE - final","train",13,"trigGARCH",0.140801051051051,3.59171248353464e-05
"518","29 - HSCE - final","train",14,"trvGARCH",0.0503514014014014,2.8123413540134e-05
"519","29 - HSCE - final","valid",1,"Adaptive",0.0479998831775701,1.38675705214849e-06
"520","29 - HSCE - final","valid",2,"symmetricAbs",0.0117280373831776,8.13752277925233e-06
"521","29 - HSCE - final","valid",3,"IndirectGARCH",0.37115,0.000312756510163068
"522","29 - HSCE - final","valid",4,"standardGARCHmu",0.0116910046728972,9.02182487713806e-06
"523","29 - HSCE - final","valid",5,"linearGARCH",0.0117280373831776,8.13752277925233e-06
"524","29 - HSCE - final","valid",6,"linearGARCHmu",0.0181047897196262,2.09318393151728e-05
"525","29 - HSCE - final","valid",7,"GJRGARCH",0.0341890186915888,1.15630252764676e-05
"526","29 - HSCE - final","valid",8,"GJRGARCHmu",0.0116908878504673,9.02203166417195e-06
"527","29 - HSCE - final","valid",9,"linearTGARCH",0.0117295560747664,8.13690359206875e-06
"528","29 - HSCE - final","valid",10,"linearTGARCHmu",0.0256228971962617,4.2577104599014e-05
"529","29 - HSCE - final","valid",11,"TCAV",0.0218265186915888,1.01858929602105e-05
"530","29 - HSCE - final","valid",12,"rangeValue",0.0503133177570093,3.40051971329719e-05
"531","29 - HSCE - final","valid",13,"trigGARCH",0.135935397196262,3.94306052313397e-05
"532","29 - HSCE - final","valid",14,"trvGARCH",0.0505,3.74336757036096e-05
"533","3 - IBRX - final","trai",1,"Adaptive",0.0462541041041041,1.4357425012504e-06
"534","3 - IBRX - final","trai",2,"symmetricAbs",0.0505906406406406,1.31292995781784e-05
"535","3 - IBRX - final","trai",3,"IndirectGARCH",0.0581102602602603,2.5031251592257e-05
"536","3 - IBRX - final","trai",4,"standardGARCHmu",0.0498503003003003,6.47079091194316e-05
"537","3 - IBRX - final","trai",5,"linearGARCH",0.0505936436436436,1.30921936971811e-05
"538","3 - IBRX - final","trai",6,"linearGARCHmu",0.0394210710710711,4.88863873986119e-05
"539","3 - IBRX - final","trai",7,"GJRGARCH",0.0517188688688689,1.13457431306161e-05
"540","3 - IBRX - final","trai",8,"GJRGARCHmu",0.0345933433433433,2.11751416080745e-05
"541","3 - IBRX - final","trai",9,"linearTGARCH",0.0507082082082082,1.30797508929291e-05
"542","3 - IBRX - final","trai",10,"linearTGARCHmu",0.0775358858858859,7.97674545189589e-05
"543","3 - IBRX - final","trai",11,"TCAV",0.0278489489489489,2.60059715241943e-05
"544","3 - IBRX - final","trai",12,"rangeValue",0.0502683683683684,0.00011457626478868
"545","3 - IBRX - final","trai",13,"trigGARCH",0.025619019019019,2.24017288856082e-05
"546","3 - IBRX - final","trai",14,"trvGARCH",0.0507377377377377,1.99969462901128e-05
"547","3 - IBRX - final","vali",1,"Adaptive",0.047296261682243,1.88986155166224e-06
"548","3 - IBRX - final","vali",2,"symmetricAbs",0.044223714953271,1.61002451030646e-05
"549","3 - IBRX - final","vali",3,"IndirectGARCH",0.0515601635514019,3.70880165502705e-05
"550","3 - IBRX - final","vali",4,"standardGARCHmu",0.0298322429906542,4.07231839415311e-05
"551","3 - IBRX - final","vali",5,"linearGARCH",0.0442242990654206,1.61003737562955e-05
"552","3 - IBRX - final","vali",6,"linearGARCHmu",0.0230223130841121,3.13248566469124e-05
"553","3 - IBRX - final","vali",7,"GJRGARCH",0.0462491822429907,2.04718692750473e-05
"554","3 - IBRX - final","vali",8,"GJRGARCHmu",0.0240307242990654,2.13198645575696e-05
"555","3 - IBRX - final","vali",9,"linearTGARCH",0.0446286214953271,1.64369082082422e-05
"556","3 - IBRX - final","vali",10,"linearTGARCHmu",0.067376285046729,9.25069818176885e-05
"557","3 - IBRX - final","vali",11,"TCAV",0.0443251168224299,2.16685083976137e-05
"558","3 - IBRX - final","vali",12,"rangeValue",0.0373594626168224,6.77977791246737e-05
"559","3 - IBRX - final","vali",13,"trigGARCH",0.0185724299065421,2.08689818582111e-05
"560","3 - IBRX - final","vali",14,"trvGARCH",0.0483507009345794,2.52032030893033e-05
"561","30 - N225 - final","train",1,"Adaptive",0.0488561561561562,3.84887924668153e-07
"562","30 - N225 - final","train",2,"symmetricAbs",0.0516207707707708,1.06565352380056e-05
"563","30 - N225 - final","train",3,"IndirectGARCH",0.0467194194194194,1.73327575141371e-05
"564","30 - N225 - final","train",4,"standardGARCHmu",0.0497633633633634,4.46439542467357e-05
"565","30 - N225 - final","train",5,"linearGARCH",0.051587037037037,1.05695690541363e-05
"566","30 - N225 - final","train",6,"linearGARCHmu",0.0323509009009009,3.42520950605505e-05
"567","30 - N225 - final","train",7,"GJRGARCH",0.0509593093093093,7.81038469084337e-06
"568","30 - N225 - final","train",8,"GJRGARCHmu",0.0495447447447447,3.97562099711939e-05
"569","30 - N225 - final","train",9,"linearTGARCH",0.0514547047047047,1.07502123565371e-05
"570","30 - N225 - final","train",10,"linearTGARCHmu",0.0527609109109109,5.05075820575132e-05
"571","30 - N225 - final","train",11,"TCAV",0.0511132132132132,1.11267568799015e-05
"572","30 - N225 - final","train",12,"rangeValue",0.0504183183183183,7.02404552690025e-05
"573","30 - N225 - final","train",13,"trigGARCH",0.146421471471471,4.51713236787744e-05
"574","30 - N225 - final","train",14,"trvGARCH",0.0511842842842843,4.88352285332202e-05
"575","30 - N225 - final","valid",1,"Adaptive",0.0495502336448598,3.95275961035512e-07
"576","30 - N225 - final","valid",2,"symmetricAbs",0.0450003504672897,2.11131048241048e-05
"577","30 - N225 - final","valid",3,"IndirectGARCH",0.0327714953271028,2.32785964564736e-05
"578","30 - N225 - final","valid",4,"standardGARCHmu",0.0385617990654206,6.30748512872939e-05
"579","30 - N225 - final","valid",5,"linearGARCH",0.0450004672897196,2.11171260804698e-05
"580","30 - N225 - final","valid",6,"linearGARCHmu",0.0300244158878505,4.19883047352548e-05
"581","30 - N225 - final","valid",7,"GJRGARCH",0.0445828271028037,1.44098629179718e-05
"582","30 - N225 - final","valid",8,"GJRGARCHmu",0.0379816588785047,5.90573595410627e-05
"583","30 - N225 - final","valid",9,"linearTGARCH",0.0449209112149533,2.11025078929447e-05
"584","30 - N225 - final","valid",10,"linearTGARCHmu",0.0397267523364486,6.69446066996393e-05
"585","30 - N225 - final","valid",11,"TCAV",0.0413934579439252,1.64645888824896e-05
"586","30 - N225 - final","valid",12,"rangeValue",0.0467647196261682,5.17447575789068e-05
"587","30 - N225 - final","valid",13,"trigGARCH",0.149161098130841,8.99015978707795e-05
"588","30 - N225 - final","valid",14,"trvGARCH",0.0484367990654206,4.72618029889278e-05
"589","31 - N500 - final","train",1,"Adaptive",0.0539521521521522,1.53636461154221e-06
"590","31 - N500 - final","train",2,"symmetricAbs",0.0510969469469469,1.27124598943662e-05
"591","31 - N500 - final","train",3,"IndirectGARCH",0.041006006006006,2.5302204431724e-05
"592","31 - N500 - final","train",4,"standardGARCHmu",0.0459645145145145,3.43509524083352e-05
"593","31 - N500 - final","train",5,"linearGARCH",0.0510928428428428,1.26211182305659e-05
"594","31 - N500 - final","train",6,"linearGARCHmu",0.025575975975976,2.33151705786974e-05
"595","31 - N500 - final","train",7,"GJRGARCH",0.051282982982983,1.23316023734446e-05
"596","31 - N500 - final","train",8,"GJRGARCHmu",0.0491368368368368,4.94543390296815e-05
"597","31 - N500 - final","train",9,"linearTGARCH",0.0513154654654655,1.09913528681141e-05
"598","31 - N500 - final","train",10,"linearTGARCHmu",0.0996147647647648,0.000101778202553991
"599","31 - N500 - final","train",11,"TCAV",0.068659009009009,2.12015380833704e-05
"600","31 - N500 - final","train",12,"rangeValue",0.0499027027027027,6.5596502643832e-05
"601","31 - N500 - final","train",13,"trigGARCH",0.0502819319319319,5.10960154873697e-05
"602","31 - N500 - final","train",14,"trvGARCH",0.0506533533533534,3.11167409829485e-05
"603","31 - N500 - final","valid",1,"Adaptive",0.0524026869158878,1.58262599272846e-06
"604","31 - N500 - final","valid",2,"symmetricAbs",0.0371558411214953,1.97938023603498e-05
"605","31 - N500 - final","valid",3,"IndirectGARCH",0.0265629672897196,3.09814091688763e-05
"606","31 - N500 - final","valid",4,"standardGARCHmu",0.0275221962616822,4.87113469401016e-05
"607","31 - N500 - final","valid",5,"linearGARCH",0.0371565420560748,1.9795622151769e-05
"608","31 - N500 - final","valid",6,"linearGARCHmu",0.0210148364485981,3.49261407084238e-05
"609","31 - N500 - final","valid",7,"GJRGARCH",0.0359956775700935,1.68671807419174e-05
"610","31 - N500 - final","valid",8,"GJRGARCHmu",0.0291955607476636,5.75869962074343e-05
"611","31 - N500 - final","valid",9,"linearTGARCH",0.0405241822429907,2.63351352333311e-05
"612","31 - N500 - final","valid",10,"linearTGARCHmu",0.0694919392523364,0.00013245976667984
"613","31 - N500 - final","valid",11,"TCAV",0.0402952102803738,2.52249013951406e-05
"614","31 - N500 - final","valid",12,"rangeValue",0.0415797897196262,3.97525934869697e-05
"615","31 - N500 - final","valid",13,"trigGARCH",0.0477089953271028,4.99573078074214e-05
"616","31 - N500 - final","valid",14,"trvGARCH",0.0462176401869159,2.79528576772871e-05
"617","4 - SMLL - final","train",1,"Adaptive",0.0428384884884885,1.19873088771949e-05
"618","4 - SMLL - final","train",2,"symmetricAbs",0.0522322322322322,6.94904817871553e-05
"619","4 - SMLL - final","train",3,"IndirectGARCH",0.0434811811811812,6.31207209396821e-05
"620","4 - SMLL - final","train",4,"standardGARCHmu",0.0499443943943944,0.000439541648052817
"621","4 - SMLL - final","train",5,"linearGARCH",0.0522292292292292,6.9476897921666e-05
"622","4 - SMLL - final","train",6,"linearGARCHmu",0.0233127127127127,6.97246693118941e-05
"623","4 - SMLL - final","train",7,"GJRGARCH",0.0619153653653654,8.69568439319602e-05
"624","4 - SMLL - final","train",8,"GJRGARCHmu",0.0480749249249249,7.58991133833645e-05
"625","4 - SMLL - final","train",9,"linearTGARCH",0.0522286786786787,6.94801619955595e-05
"626","4 - SMLL - final","train",10,"linearTGARCHmu",0.033591991991992,0.000273576299346458
"627","4 - SMLL - final","train",11,"TCAV",0.0544413913913914,2.59779974278405e-05
"628","4 - SMLL - final","train",12,"rangeValue",0.0509262762762763,8.39837465594824e-05
"629","4 - SMLL - final","train",13,"trigGARCH",0.115301551551552,6.25780325122971e-05
"630","4 - SMLL - final","train",14,"trvGARCH",0.0492836836836837,8.50357760742841e-06
"631","4 - SMLL - final","valid",1,"Adaptive",0.0440653037383178,4.60393468280083e-06
"632","4 - SMLL - final","valid",2,"symmetricAbs",0.0990016355140187,5.58106299288507e-05
"633","4 - SMLL - final","valid",3,"IndirectGARCH",0.0628144859813084,5.15510170336976e-05
"634","4 - SMLL - final","valid",4,"standardGARCHmu",0.0122753504672897,9.89707220365813e-06
"635","4 - SMLL - final","valid",5,"linearGARCH",0.0989998831775701,5.58132015601959e-05
"636","4 - SMLL - final","valid",6,"linearGARCHmu",0.0100435747663551,6.86152754559559e-06
"637","4 - SMLL - final","valid",7,"GJRGARCH",0.101697429906542,2.0423295671013e-05
"638","4 - SMLL - final","valid",8,"GJRGARCHmu",0.0746903037383178,6.41901296971553e-05
"639","4 - SMLL - final","valid",9,"linearTGARCH",0.0990014018691589,5.58070783079666e-05
"640","4 - SMLL - final","valid",10,"linearTGARCHmu",0.00412651869158878,3.45201080951189e-06
"641","4 - SMLL - final","valid",11,"TCAV",0.0688099299065421,4.10186199038873e-05
"642","4 - SMLL - final","valid",12,"rangeValue",0.0213346962616822,2.25810563976495e-05
"643","4 - SMLL - final","valid",13,"trigGARCH",0.0903575934579439,6.49522930041288e-05
"644","4 - SMLL - final","valid",14,"trvGARCH",0.0479116822429907,1.61305164780008e-05
"645","5 - MXX - final","train",1,"Adaptive",0.0529050550550551,1.07371354431327e-06
"646","5 - MXX - final","train",2,"symmetricAbs",0.0509590590590591,2.23562819158915e-05
"647","5 - MXX - final","train",3,"IndirectGARCH",0.0189223723723724,6.46871271055918e-06
"648","5 - MXX - final","train",4,"standardGARCHmu",0.0493404404404404,5.85856923048185e-05
"649","5 - MXX - final","train",5,"linearGARCH",0.05079004004004,2.21489686644354e-05
"650","5 - MXX - final","train",6,"linearGARCHmu",0.0559244744744745,5.99035373266471e-05
"651","5 - MXX - final","train",7,"GJRGARCH",0.0541146646646647,1.25809566913979e-05
"652","5 - MXX - final","train",8,"GJRGARCHmu",0.0395464964964965,2.80675986254514e-05
"653","5 - MXX - final","train",9,"linearTGARCH",0.050987037037037,2.23671994266328e-05
"654","5 - MXX - final","train",10,"linearTGARCHmu",0.0255047047047047,2.2560994968049e-05
"655","5 - MXX - final","train",11,"TCAV",0.0674501501501502,2.93606179705422e-05
"656","5 - MXX - final","train",12,"rangeValue",0.0509118618618619,4.42244595030082e-05
"657","5 - MXX - final","train",13,"trigGARCH",0.0560863363363363,1.58745742796862e-05
"658","5 - MXX - final","train",14,"trvGARCH",0.0509735235235235,1.9956615616586e-05
"659","5 - MXX - final","valid",1,"Adaptive",0.0525971962616822,1.4684374118251e-06
"660","5 - MXX - final","valid",2,"symmetricAbs",0.0252795560747664,1.20179801611252e-05
"661","5 - MXX - final","valid",3,"IndirectGARCH",0.00539415887850467,2.97085527464476e-06
"662","5 - MXX - final","valid",4,"standardGARCHmu",0.00822348130841121,4.86412341370798e-06
"663","5 - MXX - final","valid",5,"linearGARCH",0.0252795560747664,1.20179801611252e-05
"664","5 - MXX - final","valid",6,"linearGARCHmu",0.0101540887850467,7.42683964286525e-06
"665","5 - MXX - final","valid",7,"GJRGARCH",0.0367139018691589,1.20239727125921e-05
"666","5 - MXX - final","valid",8,"GJRGARCHmu",0.00824766355140187,4.45925065876133e-06
"667","5 - MXX - final","valid",9,"linearTGARCH",0.0252797897196262,1.20177675454516e-05
"668","5 - MXX - final","valid",10,"linearTGARCHmu",0.00189859813084112,1.06447746008281e-06
"669","5 - MXX - final","valid",11,"TCAV",0.0207669392523364,9.16106248096942e-06
"670","5 - MXX - final","valid",12,"rangeValue",0.0284292056074766,3.02436879964865e-05
"671","5 - MXX - final","valid",13,"trigGARCH",0.0539188084112149,1.86987127614841e-05
"672","5 - MXX - final","valid",14,"trvGARCH",0.0393204439252336,2.48454179082607e-05
"673","6 - INMX - final","train",1,"Adaptive",0.0526597097097097,1.01533511348357e-06
"674","6 - INMX - final","train",2,"symmetricAbs",0.0507726226226226,2.36532992259087e-05
"675","6 - INMX - final","train",3,"IndirectGARCH",0.0705604604604605,0.000140277036109646
"676","6 - INMX - final","train",4,"standardGARCHmu",0.0498429429429429,6.52919683246169e-05
"677","6 - INMX - final","train",5,"linearGARCH",0.0505906906906907,2.35144658994294e-05
"678","6 - INMX - final","train",6,"linearGARCHmu",0.0615708208208208,6.95528458382706e-05
"679","6 - INMX - final","train",7,"GJRGARCH",0.0530767267267267,1.24516543873263e-05
"680","6 - INMX - final","train",8,"GJRGARCHmu",0.0454029029029029,4.51313194780307e-05
"681","6 - INMX - final","train",9,"linearTGARCH",0.0507865865865866,2.36612700330269e-05
"682","6 - INMX - final","train",10,"linearTGARCHmu",0.0380874374374374,4.59548133392987e-05
"683","6 - INMX - final","train",11,"TCAV",0.0519717717717718,1.97343809739562e-05
"684","6 - INMX - final","train",12,"rangeValue",0.0508461961961962,3.77089878657635e-05
"685","6 - INMX - final","train",13,"trigGARCH",0.0837188188188188,2.44874611269312e-05
"686","6 - INMX - final","train",14,"trvGARCH",0.0522103603603604,2.89419829269516e-05
"687","6 - INMX - final","valid",1,"Adaptive",0.053298714953271,2.58759978423757e-06
"688","6 - INMX - final","valid",2,"symmetricAbs",0.0263581775700935,1.17033915888776e-05
"689","6 - INMX - final","valid",3,"IndirectGARCH",0.00817943925233645,6.52861902627709e-06
"690","6 - INMX - final","valid",4,"standardGARCHmu",0.0099606308411215,5.6561806809567e-06
"691","6 - INMX - final","valid",5,"linearGARCH",0.0263581775700935,1.17033915888776e-05
"692","6 - INMX - final","valid",6,"linearGARCHmu",0.0120817757009346,7.93082125028377e-06
"693","6 - INMX - final","valid",7,"GJRGARCH",0.0377261682242991,1.1333222186406e-05
"694","6 - INMX - final","valid",8,"GJRGARCHmu",0.00995969626168224,5.65337070329168e-06
"695","6 - INMX - final","valid",9,"linearTGARCH",0.0263606308411215,1.17026854225549e-05
"696","6 - INMX - final","valid",10,"linearTGARCHmu",0.00475560747663551,3.26579552961863e-06
"697","6 - INMX - final","valid",11,"TCAV",0.0220267523364486,8.00051920976824e-06
"698","6 - INMX - final","valid",12,"rangeValue",0.0384707943925234,3.4369917426144e-05
"699","6 - INMX - final","valid",13,"trigGARCH",0.0814471962616822,5.4402539386382e-05
"700","6 - INMX - final","valid",14,"trvGARCH",0.0415507009345794,4.19690143264918e-05
"701","7 - MERV - final","train",1,"Adaptive",0.0526122622622623,1.67000104212522e-06
"702","7 - MERV - final","train",2,"symmetricAbs",0.0508134634634635,2.13756990938028e-05
"703","7 - MERV - final","train",3,"IndirectGARCH",0.045128028028028,1.63164008321328e-05
"704","7 - MERV - final","train",4,"standardGARCHmu",0.0461646146146146,4.30047824207312e-05
"705","7 - MERV - final","train",5,"linearGARCH",0.0509734734734735,2.12694818370208e-05
"706","7 - MERV - final","train",6,"linearGARCHmu",0.0389463463463463,2.77518153868599e-05
"707","7 - MERV - final","train",7,"GJRGARCH",0.052127977977978,1.74379734093253e-05
"708","7 - MERV - final","train",8,"GJRGARCHmu",0.0514498498498498,3.04147473095177e-05
"709","7 - MERV - final","train",9,"linearTGARCH",0.0506294294294294,2.05860009457966e-05
"710","7 - MERV - final","train",10,"linearTGARCHmu",0.0628679179179179,4.51671865829547e-05
"711","7 - MERV - final","train",11,"TCAV",0.0528732732732733,2.21764008794087e-05
"712","7 - MERV - final","train",12,"rangeValue",0.0499751251251251,4.43110322218051e-05
"713","7 - MERV - final","train",13,"trigGARCH",0.172700850850851,3.85745551020623e-05
"714","7 - MERV - final","train",14,"trvGARCH",0.0501213213213213,3.30058973324764e-05
"715","7 - MERV - final","valid",1,"Adaptive",0.0516669392523364,8.90630335321148e-07
"716","7 - MERV - final","valid",2,"symmetricAbs",0.0472169392523364,2.97350400374205e-05
"717","7 - MERV - final","valid",3,"IndirectGARCH",0.0444478971962617,3.31163015619108e-05
"718","7 - MERV - final","valid",4,"standardGARCHmu",0.0448697429906542,5.41708286930991e-05
"719","7 - MERV - final","valid",5,"linearGARCH",0.0472169392523364,2.97350400374205e-05
"720","7 - MERV - final","valid",6,"linearGARCHmu",0.0315122663551402,2.38860929312031e-05
"721","7 - MERV - final","valid",7,"GJRGARCH",0.0549286214953271,1.96704890234532e-05
"722","7 - MERV - final","valid",8,"GJRGARCHmu",0.0535098130841122,4.55554478875511e-05
"723","7 - MERV - final","valid",9,"linearTGARCH",0.0472158878504673,2.97376350106252e-05
"724","7 - MERV - final","valid",10,"linearTGARCHmu",0.0610797897196262,6.09378463467827e-05
"725","7 - MERV - final","valid",11,"TCAV",0.048746261682243,2.15694639058828e-05
"726","7 - MERV - final","valid",12,"rangeValue",0.0235182242990654,2.96448186047376e-05
"727","7 - MERV - final","valid",13,"trigGARCH",0.164176635514019,7.01777247317749e-05
"728","7 - MERV - final","valid",14,"trvGARCH",0.0269657710280374,3.09195151846991e-05
"729","8 - IBG - final","train",1,"Adaptive",0.0757933433433433,0.000148401459977086
"730","8 - IBG - final","train",2,"symmetricAbs",0.052934984984985,2.49258021711386e-05
"731","8 - IBG - final","train",3,"IndirectGARCH",0.0514802802802803,1.9864504663927e-05
"732","8 - IBG - final","train",4,"standardGARCHmu",0.0359765765765766,1.54179445359403e-05
"733","8 - IBG - final","train",5,"linearGARCH",0.0529267767767768,2.45600213453419e-05
"734","8 - IBG - final","train",6,"linearGARCHmu",0.106486036036036,0.000175358597745575
"735","8 - IBG - final","train",7,"GJRGARCH",0.0523859359359359,3.09104416005851e-05
"736","8 - IBG - final","train",8,"GJRGARCHmu",0.051824974974975,3.55435977385968e-05
"737","8 - IBG - final","train",9,"linearTGARCH",0.0527945945945946,2.49517667192994e-05
"738","8 - IBG - final","train",10,"linearTGARCHmu",0.0460806306306306,7.26913379877381e-05
"739","8 - IBG - final","train",11,"TCAV",0.0612880880880881,2.73594141734737e-05
"740","8 - IBG - final","train",12,"rangeValue",0.0505368868868869,4.56182725205874e-05
"741","8 - IBG - final","train",13,"trigGARCH",0.173842842842843,3.52906790941145e-05
"742","8 - IBG - final","train",14,"trvGARCH",0.0528232232232232,1.94963735708321e-05
"743","8 - IBG - final","valid",1,"Adaptive",0.0635172897196262,2.7615340737813e-05
"744","8 - IBG - final","valid",2,"symmetricAbs",0.0536632009345794,4.08918192795472e-05
"745","8 - IBG - final","valid",3,"IndirectGARCH",0.0551317757009346,3.48084838821201e-05
"746","8 - IBG - final","valid",4,"standardGARCHmu",0.0359178738317757,3.34191018126544e-05
"747","8 - IBG - final","valid",5,"linearGARCH",0.0545360981308411,4.13234144639872e-05
"748","8 - IBG - final","valid",6,"linearGARCHmu",0.0875820093457944,9.74748021379104e-05
"749","8 - IBG - final","valid",7,"GJRGARCH",0.051072546728972,4.25755274946814e-05
"750","8 - IBG - final","valid",8,"GJRGARCHmu",0.0477125,4.3099657344671e-05
"751","8 - IBG - final","valid",9,"linearTGARCH",0.0536518691588785,4.08770886415907e-05
"752","8 - IBG - final","valid",10,"linearTGARCHmu",0.0355704439252336,3.8014985069138e-05
"753","8 - IBG - final","valid",11,"TCAV",0.0467181074766355,3.15353482386363e-05
"754","8 - IBG - final","valid",12,"rangeValue",0.0299088785046729,3.86370509318913e-05
"755","8 - IBG - final","valid",13,"trigGARCH",0.168878271028037,5.75227008782838e-05
"756","8 - IBG - final","valid",14,"trvGARCH",0.0330251168224299,1.69701047462309e-05
"757","9 - ADRIAN - final","train",1,"Adaptive",0.0428104104104104,2.24307185823613e-06
"758","9 - ADRIAN - final","train",2,"symmetricAbs",0.0509448448448448,1.41806954698963e-05
"759","9 - ADRIAN - final","train",3,"IndirectGARCH",0.0388201701701702,1.37287136300327e-05
"760","9 - ADRIAN - final","train",4,"standardGARCHmu",0.0502823823823824,5.7308001974603e-05
"761","9 - ADRIAN - final","train",5,"linearGARCH",0.0509171671671672,1.43755294794887e-05
"762","9 - ADRIAN - final","train",6,"linearGARCHmu",0.0383527527527528,4.69529584237811e-05
"763","9 - ADRIAN - final","train",7,"GJRGARCH",0.0513487987987988,1.10657401359761e-05
"764","9 - ADRIAN - final","train",8,"GJRGARCHmu",0.0492180680680681,6.21660053693382e-05
"765","9 - ADRIAN - final","train",9,"linearTGARCH",0.0507946446446446,1.43449384620717e-05
"766","9 - ADRIAN - final","train",10,"linearTGARCHmu",0.0430461461461461,4.85055847783949e-05
"767","9 - ADRIAN - final","train",11,"TCAV",0.052622022022022,3.45022903825355e-05
"768","9 - ADRIAN - final","train",12,"rangeValue",0.0507493993993994,8.40984244904043e-05
"769","9 - ADRIAN - final","train",13,"trigGARCH",0.367006156156156,0.00139373694510375
"770","9 - ADRIAN - final","train",14,"trvGARCH",0.0489716716716717,5.32447636580275e-05
"771","9 - ADRIAN - final","valid",1,"Adaptive",0.045607476635514,2.91773242411606e-06
"772","9 - ADRIAN - final","valid",2,"symmetricAbs",0.0428532710280374,2.76514085243462e-05
"773","9 - ADRIAN - final","valid",3,"IndirectGARCH",0.0273533878504673,1.86226264899892e-05
"774","9 - ADRIAN - final","valid",4,"standardGARCHmu",0.0315721962616822,4.69386151118773e-05
"775","9 - ADRIAN - final","valid",5,"linearGARCH",0.04285,2.76521095991405e-05
"776","9 - ADRIAN - final","valid",6,"linearGARCHmu",0.0219139018691589,1.70847820183086e-05
"777","9 - ADRIAN - final","valid",7,"GJRGARCH",0.0404379672897196,2.06314026665714e-05
"778","9 - ADRIAN - final","valid",8,"GJRGARCHmu",0.0315721962616822,4.69386151118773e-05
"779","9 - ADRIAN - final","valid",9,"linearTGARCH",0.0424540887850467,2.73623561373774e-05
"780","9 - ADRIAN - final","valid",10,"linearTGARCHmu",0.0231730140186916,1.83412233668456e-05
"781","9 - ADRIAN - final","valid",11,"TCAV",0.0393193925233645,2.19079392675635e-05
"782","9 - ADRIAN - final","valid",12,"rangeValue",0.0372211448598131,3.42407500055125e-05
"783","9 - ADRIAN - final","valid",13,"trigGARCH",0.342345560747664,0.000214518670121919
"784","9 - ADRIAN - final","valid",14,"trvGARCH",0.0418622663551402,3.4043934286355e-05
